Unnamed: 0,Timestamp,SLPR7:Voltage A:Angle,SLPR7:Voltage B:Angle,SLPR7:Voltage C:Angle,RAICHUR 400 KV:Frequency,SLPR7:Frequency,Raichur-SLPR1(MVAR):Analog,SLPR-RACHR1 (MVAR):Analog,RACHR-SLPR1-7 Va:Voltage A:Magnitude,RACHR-SLPR1-7 Vb:Voltage B:Magnitude,RACHR-SLPR1-7 Vc:Voltage C:Magnitude,SLPR7:Voltage A:Magnitude,SLPR7:Voltage B:Magnitude,SLPR7:Voltage C:Magnitude,Raichur-SLPR1(MW):Analog,SLPR-RACHR1 (MW):Analog,anomaly,deviation
21341,2014/12/20 05:44:09.160,-38.8139,-159.4264,80.5493,49.9571,49.9573,-18597186.0,-234033744.0,443351.6875,445520.3438,442014.7813,432088.9688,433057.0938,431312.5313,-194479360.0,195760656.0,1,30.858086743742753
21340,2014/12/20 05:44:09.120,-38.201,-158.8147,81.1611,49.9572,49.9573,-18499788.0,-233960224.0,443357.3125,445532.0313,442024.9063,432110.9688,433084.75,431330.4063,-193655600.0,195219680.0,1,30.840294465185607
21342,2014/12/20 05:44:09.200,-39.4304,-160.0425,79.9357,49.9569,49.9573,-18316848.0,-234116384.0,443346.75,445509.1875,442005.0625,432085.3125,433028.3438,431297.0938,-195268576.0,196163632.0,1,30.813952541150357
21343,2014/12/20 05:44:09.240,-40.0436,-160.6572,79.3224,49.957,49.9574,-18103308.0,-234096464.0,443342.3438,445501.3125,441997.9063,432088.0313,433024.9688,431286.1875,-196002016.0,196512416.0,1,30.704651138473956
21339,2014/12/20 05:44:09.080,-37.5878,-158.2008,81.7766,49.957,49.9574,-18302778.0,-233973168.0,443362.5,445540.0,442033.875,432123.4063,433080.5625,431340.3438,-192973568.0,194664560.0,1,30.702631959967643
21344,2014/12/20 05:44:09.280,-40.6588,-161.2729,78.7052,49.9571,49.9573,-17779242.0,-234033968.0,443338.0,445496.1875,441994.5625,432084.4063,433035.0938,431285.4063,-196458592.0,197006384.0,1,30.631421030655734
21338,2014/12/20 05:44:09.040,-36.9768,-157.5882,82.3889,49.9568,49.9573,-17828832.0,-233968224.0,443365.1875,445547.1875,442042.0625,432122.7813,433077.6563,431349.9688,-192740512.0,194144592.0,1,30.624560227897355
21337,2014/12/20 05:44:09.000,-36.3576,-156.9693,83.0067,49.9569,49.9572,-17616654.0,-233937936.0,443366.6875,445554.4375,442049.0,432116.9375,433087.0938,431349.4375,-192610992.0,193697312.0,1,30.58589809110779
21345,2014/12/20 05:44:09.320,-41.2766,-161.8887,78.0881,49.957,49.9573,-17600358.0,-233972640.0,443330.8438,445492.6875,441995.9375,432082.4375,433034.1875,431296.9063,-196618608.0,197421552.0,1,30.548407296798295
21336,2014/12/20 05:44:08.960,-35.7388,-156.3508,83.6241,49.9569,49.9572,-17588298.0,-233910992.0,443369.2813,445562.7813,442051.6563,432115.5,433099.375,431353.625,-192385856.0,193236048.0,1,30.53268452998633
21346,2014/12/20 05:44:09.360,-41.8918,-162.502,77.4737,49.957,49.9573,-17254818.0,-233906896.0,443321.1875,445487.4375,441994.0313,432074.8438,433028.0,431300.5313,-196551760.0,197725552.0,1,30.4584655761763
21347,2014/12/20 05:44:09.400,-42.5007,-163.1107,76.8631,49.9571,49.9574,-16996020.0,-233871824.0,443307.7188,445481.4375,441986.75,432065.7813,433033.375,431299.5,-196403072.0,198084928.0,1,30.43955706124362
21335,2014/12/20 05:44:08.920,-35.1234,-155.7359,84.2392,49.9569,49.9573,-17588022.0,-233809696.0,443375.9063,445567.2813,442052.4375,432138.2188,433120.9063,431374.5,-191937760.0,192797680.0,1,30.430165140036806
21348,2014/12/20 05:44:09.440,-43.1149,-163.7259,76.248,49.9571,49.9575,-16761798.0,-233868560.0,443294.0938,445471.5,441971.5625,432058.9375,433028.6563,431286.7188,-196317856.0,198472688.0,1,30.36043642739444
21334,2014/12/20 05:44:08.880,-34.5123,-155.1266,84.851,49.9569,49.9573,-17359392.0,-233671968.0,443379.75,445566.75,442049.9063,432153.9375,433123.5313,431372.375,-191597984.0,192283264.0,1,30.28410076230909
21349,2014/12/20 05:44:09.480,-43.7246,-164.3363,75.6391,49.9572,49.9575,-16605474.0,-233799264.0,443280.1875,445457.875,441953.4375,432045.8438,433006.0,431264.7813,-196756816.0,198819136.0,1,30.23462160815684
21333,2014/12/20 05:44:08.840,-33.9005,-154.5149,85.4637,49.9569,49.9572,-17276802.0,-233639344.0,443382.4688,445561.6563,442048.875,432148.8438,433111.875,431364.5,-191430800.0,191723328.0,1,30.153689724870127
21350,2014/12/20 05:44:09.520,-44.3411,-164.9523,75.024,49.9573,49.9575,-16806696.0,-233706768.0,443269.7813,445442.75,441937.6563,432037.875,432986.4375,431253.0313,-197634352.0,199090640.0,1,30.137418125213998
21332,2014/12/20 05:44:08.800,-33.28,-153.8932,86.085,49.9569,49.9572,-17647782.0,-233583712.0,443381.4375,445559.6875,442050.8438,432149.125,433111.375,431373.2188,-191087616.0,191384240.0,1,30.018969060482128
21351,2014/12/20 05:44:09.560,-44.9535,-165.5643,74.412,49.9573,49.9576,-17005764.0,-233657376.0,443260.0625,445426.4688,441923.9063,432033.6875,432979.4688,431249.3125,-198737904.0,199437776.0,1,29.979331588862074
21331,2014/12/20 05:44:08.760,-32.664,-153.2756,86.7026,49.9571,49.9572,-18269982.0,-233401120.0,443379.6875,445559.4688,442055.5625,432162.7188,433117.9063,431393.8125,-190096832.0,191106064.0,1,29.90405440336822
21352,2014/12/20 05:44:09.600,-45.5652,-166.176,73.8001,49.9572,49.9576,-17418780.0,-233583696.0,443248.8125,445412.6563,441910.8125,432030.3438,432976.375,431244.6563,-199271456.0,199860944.0,1,29.847574123063325
21353,2014/12/20 05:44:09.640,-46.1711,-166.7827,73.1936,49.9573,49.9577,-17592234.0,-233544544.0,443235.5313,445399.5625,441897.1875,432020.0,432965.0938,431228.2188,-199191360.0,200157152.0,1,29.7624348027183
21330,2014/12/20 05:44:08.720,-32.0444,-152.6551,87.3218,49.957,49.9571,-18859674.0,-233229760.0,443381.3438,445562.4375,442060.8125,432171.5313,433135.4688,431413.7813,-188900304.0,190839024.0,1,29.759816373937603
21354,2014/12/20 05:44:09.680,-46.7782,-167.3904,72.584,49.9574,49.9577,-17678820.0,-233533744.0,443217.9375,445388.3125,441883.4688,431999.1563,432960.1875,431211.1875,-198985024.0,200449296.0,1,29.71712080465072
21355,2014/12/20 05:44:09.720,-47.3909,-168.002,71.9699,49.9573,49.9577,-17606088.0,-233534512.0,443204.4375,445377.0,441872.6563,431979.0,432957.6563,431206.0,-199105760.0,200930576.0,1,29.698937687120313
21248,2014/12/20 05:44:05.440,18.4913,-102.1225,137.8591,49.9564,49.9567,-19105376.0,-233090496.0,443345.1875,445502.5,442012.1875,432131.625,433075.0625,431345.7188,-187789168.0,189237552.0,1,29.661420404416532
21247,2014/12/20 05:44:05.400,19.1175,-101.497,138.4836,49.9563,49.9567,-18687912.0,-233042720.0,443356.8125,445520.125,442021.0938,432141.9688,433098.625,431359.5938,-187336448.0,188812064.0,1,29.639451477765917
21251,2014/12/20 05:44:05.560,16.6194,-103.9941,135.986,49.9563,49.9567,-18025672.0,-233291984.0,443326.625,445489.5313,441993.5625,432102.8125,433051.125,431319.9375,-189116048.0,190556960.0,1,29.638398284505907
21356,2014/12/20 05:44:09.760,-48.0,-168.6094,71.3631,49.9571,49.9578,-17476542.0,-233615680.0,443196.375,445366.1875,441861.75,431966.4375,432931.1875,431196.375,-199912192.0,201607008.0,1,29.606434626711827
21249,2014/12/20 05:44:05.480,17.8686,-102.7443,137.2363,49.9565,49.9567,-19187046.0,-233131760.0,443335.2813,445490.5938,442006.7188,432120.7813,433066.875,431341.7813,-188298240.0,189707968.0,1,29.604249968980042
21252,2014/12/20 05:44:05.600,15.9982,-104.6173,135.363,49.9562,49.9567,-17531724.0,-233344176.0,443322.625,445495.4375,441986.2188,432107.2813,433061.9688,431314.3125,-189604720.0,191159584.0,1,29.596697780890175
21250,2014/12/20 05:44:05.520,17.2459,-103.3661,136.6129,49.9565,49.9567,-18784920.0,-233218528.0,443329.375,445487.0625,442000.7813,432107.375,433061.0625,431337.75,-188630176.0,190146448.0,1,29.59003610120582
21329,2014/12/20 05:44:08.680,-31.4281,-152.0399,87.9366,49.9569,49.9571,-19088532.0,-233126048.0,443383.375,445564.2813,442063.25,432178.0938,433151.6563,431417.75,-188077408.0,190696128.0,1,29.58939509697386
21246,2014/12/20 05:44:05.360,19.7351,-100.8791,139.1012,49.9563,49.9567,-18596908.0,-232929120.0,443368.8438,445541.0938,442035.0,432157.8438,433118.0625,431380.0,-186925296.0,188319408.0,1,29.56258168630022
21253,2014/12/20 05:44:05.640,15.3783,-105.2361,134.7418,49.9562,49.9567,-17403048.0,-233432544.0,443315.8125,445495.5,441979.0313,432102.75,433071.1875,431323.8125,-190354864.0,191805808.0,1,29.53292563969599
21357,2014/12/20 05:44:09.800,-48.6071,-169.2172,70.7582,49.9571,49.9579,-17334930.0,-233776096.0,443196.875,445357.2813,441851.9688,431964.0938,432905.75,431177.5313,-200716480.0,202223488.0,1,29.510698472286563
21254,2014/12/20 05:44:05.680,14.7516,-105.8604,134.1158,49.9564,49.9565,-17695844.0,-233587408.0,443305.6563,445486.8438,441973.9063,432080.5938,433051.6563,431318.25,-191090816.0,192335392.0,1,29.453507654761665
21328,2014/12/20 05:44:08.640,-30.808,-151.4211,88.5566,49.957,49.957,-19344924.0,-233021952.0,443389.25,445566.4688,442062.3125,432183.625,433152.8125,431413.1875,-187956992.0,190562672.0,1,29.448284723084104
21245,2014/12/20 05:44:05.320,20.3581,-100.2553,139.7245,49.9565,49.9567,-18819726.0,-232869328.0,443379.1875,445563.2188,442054.75,432169.5,433132.7188,431397.875,-186319424.0,187778336.0,1,29.44592747671284
21242,2014/12/20 05:44:05.200,22.2294,-98.3837,141.595,49.9563,49.9568,-20115880.0,-232765344.0,443412.5313,445608.6563,442101.6875,432213.2188,433188.3125,431450.4063,-184798928.0,186647104.0,1,29.414694353948864
21255,2014/12/20 05:44:05.720,14.1239,-106.4862,133.4894,49.9563,49.9564,-18192980.0,-233694464.0,443294.9688,445469.9375,441968.6563,432059.2188,433024.3125,431304.0625,-191741888.0,192847936.0,1,29.410459975702985
21243,2014/12/20 05:44:05.240,21.6079,-99.0043,140.9722,49.9566,49.9568,-19722056.0,-232833776.0,443401.1563,445598.0,442091.9375,432193.9375,433182.5625,431444.0625,-185281152.0,186897104.0,1,29.407079216043925
21239,2014/12/20 05:44:05.080,24.0903,-96.5229,143.4556,49.9569,49.9569,-19590832.0,-232504336.0,443423.5,445619.2188,442108.375,432238.5,433218.9688,431480.0938,-182908928.0,185563792.0,1,29.37601514190295
21244,2014/12/20 05:44:05.280,20.9817,-99.631,140.3469,49.9567,49.9568,-19423880.0,-232863952.0,443389.7188,445582.0938,442074.5938,432177.125,433156.1563,431418.625,-185786096.0,187275952.0,1,29.371676052248752
21358,2014/12/20 05:44:09.840,-49.2145,-169.8274,70.1507,49.9573,49.958,-17149728.0,-234025120.0,443200.9688,445354.5625,441842.5,431965.5,432892.625,431153.3125,-201513312.0,202598944.0,1,29.366745825864804
21240,2014/12/20 05:44:05.120,23.4698,-97.1428,142.8356,49.9569,49.9568,-20070392.0,-232562080.0,443422.5938,445618.3125,442109.2188,432234.875,433211.4375,431477.875,-183641312.0,185973024.0,1,29.361531421741127
21241,2014/12/20 05:44:05.160,22.8489,-97.7645,142.2156,49.9565,49.9568,-20120118.0,-232645568.0,443420.125,445614.6563,442106.4688,432228.5313,433194.1875,431459.9688,-184259296.0,186347088.0,1,29.354988442702517
21256,2014/12/20 05:44:05.760,13.4957,-107.115,132.8623,49.9561,49.9565,-18690088.0,-233774432.0,443287.0938,445449.9688,441962.4063,432050.8125,433002.2813,431283.875,-192181296.0,193487040.0,1,29.31783584384109
21238,2014/12/20 05:44:05.040,24.7122,-95.9025,144.0769,49.9569,49.957,-19120116.0,-232458736.0,443426.7188,445623.9375,442111.1563,432241.0,433221.2188,431471.5625,-182377952.0,185280816.0,1,29.30425801235487
21327,2014/12/20 05:44:08.600,-30.1947,-150.8081,89.1703,49.9571,49.957,-19724730.0,-232928496.0,443396.0313,445570.5,442063.9375,432185.1563,433149.5625,431409.25,-188386752.0,190590512.0,1,29.288484596066667
21359,2014/12/20 05:44:09.880,-49.8121,-170.4261,69.5521,49.9576,49.9581,-16792890.0,-234356176.0,443201.875,445354.625,441837.25,431952.3438,432882.2188,431134.375,-201913248.0,202987472.0,1,29.227982373915264
21257,2014/12/20 05:44:05.800,12.8676,-107.7443,132.2349,49.956,49.9566,-19010656.0,-233854416.0,443280.6875,445435.6563,441956.3438,432048.0,432986.25,431265.9688,-193014272.0,194217936.0,1,29.17099521548746
21326,2014/12/20 05:44:08.560,-29.5723,-150.1854,89.7936,49.9571,49.957,-19795278.0,-232787552.0,443405.8125,445577.875,442071.5313,432202.625,433160.8438,431422.75,-188832384.0,190823056.0,1,29.14965570603633
21237,2014/12/20 05:44:05.000,25.333,-95.2815,144.6976,49.9569,49.957,-19011768.0,-232353840.0,443432.8125,445628.3438,442118.0938,432248.4063,433229.9375,431481.1563,-181985120.0,185053472.0,1,29.139324621982734
21325,2014/12/20 05:44:08.520,-28.9516,-149.5628,90.416,49.9571,49.957,-19820244.0,-232659360.0,443415.9063,445590.1563,442085.625,432226.8125,433179.1875,431456.25,-189332976.0,191040048.0,1,29.06421644280752
21236,2014/12/20 05:44:04.960,25.9509,-94.6608,145.3176,49.9568,49.957,-19458054.0,-232234368.0,443442.7813,445638.4375,442129.4375,432272.7188,433249.5625,431521.7813,-181791008.0,184843376.0,1,29.062881757620666
21360,2014/12/20 05:44:09.920,-50.4167,-171.0295,68.9463,49.9577,49.9581,-16320936.0,-234578720.0,443196.1563,445358.3438,441835.5,431931.625,432873.9688,431126.1563,-202400288.0,203509824.0,1,29.043703868713763
21258,2014/12/20 05:44:05.840,12.2419,-108.3692,131.6102,49.9561,49.9567,-18707024.0,-233909008.0,443275.375,445426.1875,441947.9375,432041.9063,432973.5313,431259.4375,-193889072.0,194860528.0,1,29.013704994980753
21235,2014/12/20 05:44:04.920,26.5706,-94.0412,145.9372,49.9571,49.957,-20182410.0,-232196352.0,443454.1563,445647.5625,442142.9688,432288.5,433266.25,431537.375,-182046672.0,184773040.0,1,28.986366393796317
21324,2014/12/20 05:44:08.480,-28.3342,-148.9441,91.0334,49.957,49.957,-19701120.0,-232609504.0,443426.5938,445602.9375,442101.5313,432242.7188,433200.4063,431483.125,-190188480.0,191163408.0,1,28.945119796420308
21259,2014/12/20 05:44:05.880,11.6259,-108.9849,130.9941,49.9562,49.9567,-17996166.0,-234055360.0,443268.2188,445420.625,441935.7813,432026.3438,432958.9688,431245.7813,-194755072.0,195421936.0,1,28.891402742577963
21361,2014/12/20 05:44:09.960,-51.0199,-171.6322,68.3418,49.9577,49.9581,-15707340.0,-234678192.0,443188.0,445358.0938,441835.7188,431912.25,432865.1875,431114.6875,-203040864.0,204141024.0,1,28.88632004229696
21262,2014/12/20 05:44:06.000,9.7575,-110.8564,129.1204,49.9563,49.9569,-16410633.0,-234306272.0,443236.7813,445410.1563,441902.0625,431979.2188,432937.8125,431189.7813,-196570480.0,197428816.0,1,28.868133346081912
21260,2014/12/20 05:44:05.920,11.0018,-109.6096,130.3692,49.9563,49.9568,-17023174.0,-234214288.0,443260.5313,445415.5938,441923.5,432000.7813,432937.1875,431217.8438,-195337120.0,196036976.0,1,28.861501126968605
21263,2014/12/20 05:44:06.040,9.136,-111.4776,128.498,49.9564,49.9569,-16471672.0,-234344832.0,443226.5938,445405.8438,441895.1563,431972.25,432938.375,431188.0313,-197474864.0,198127056.0,1,28.85565206131409
21261,2014/12/20 05:44:05.960,10.3761,-110.237,129.7415,49.9564,49.9568,-16709294.0,-234274944.0,443248.75,445411.7188,441910.5938,431981.375,432923.5313,431191.3125,-195787520.0,196720304.0,1,28.843115421482636
21234,2014/12/20 05:44:04.880,27.1898,-93.4235,146.5559,49.9573,49.957,-20479806.0,-232182960.0,443467.25,445658.375,442153.625,432294.7813,433271.5938,431534.4063,-182401792.0,184623776.0,1,28.80681070001765
21323,2014/12/20 05:44:08.440,-27.7146,-148.3255,91.651,49.9572,49.957,-20049096.0,-232577072.0,443435.5625,445614.4063,442112.7813,432255.75,433225.3125,431494.1563,-190825120.0,191319504.0,1,28.799286321512643
21362,2014/12/20 05:44:10.000,-51.6253,-172.2377,67.7349,49.9576,49.9582,-15254298.0,-234790992.0,443182.75,445360.25,441835.25,431898.5625,432863.625,431105.5625,-203531712.0,204789456.0,1,28.79277495341964
21264,2014/12/20 05:44:06.080,8.5147,-112.0983,127.8768,49.9565,49.9569,-16112972.0,-234412592.0,443222.0938,445398.6875,441890.4375,431951.375,432916.9063,431168.6563,-198550096.0,198829584.0,1,28.78656600531043
21271,2014/12/20 05:44:06.360,4.1841,-116.4311,123.5461,49.9569,49.9571,-17376824.0,-234963984.0,443223.625,445392.0938,441863.5938,431935.1563,432885.5313,431127.9375,-199532480.0,201419232.0,1,28.76986451557497
21270,2014/12/20 05:44:06.320,4.8011,-115.8136,124.1631,49.9567,49.9571,-17545132.0,-234853392.0,443223.875,445394.7188,441872.75,431939.25,432892.9688,431135.5938,-199293904.0,201155056.0,1,28.759509896962104
21265,2014/12/20 05:44:06.120,7.8904,-112.7219,127.2536,49.9564,49.957,-16194084.0,-234460512.0,443221.3125,445391.1875,441889.1563,431943.3125,432900.5313,431159.5313,-199256960.0,199396624.0,1,28.748051980249485
21266,2014/12/20 05:44:06.160,7.2758,-113.3376,126.6399,49.9564,49.9571,-16544334.0,-234542032.0,443222.2188,445388.3438,441888.125,431953.2813,432898.2188,431154.875,-199516432.0,199841136.0,1,28.686572352804944
21363,2014/12/20 05:44:10.040,-52.2294,-172.8421,67.1312,49.9576,49.9583,-14982192.0,-234873296.0,443184.4375,445359.1875,441835.625,431900.2813,432859.4063,431101.5,-204243216.0,205408976.0,1,28.682725926669008
21272,2014/12/20 05:44:06.400,3.5698,-117.0465,122.9324,49.957,49.9571,-16892950.0,-235130400.0,443222.9063,445386.2188,441858.5625,431931.8125,432870.5313,431110.9688,-199724000.0,201561520.0,1,28.680525460281945
21269,2014/12/20 05:44:06.280,5.4189,-115.1952,124.7816,49.9568,49.957,-17410148.0,-234842688.0,443223.9375,445396.375,441878.5938,431927.4063,432880.4063,431127.2813,-199241680.0,200818736.0,1,28.680164056258285
21268,2014/12/20 05:44:06.240,6.0405,-114.573,125.4035,49.957,49.957,-17267348.0,-234774688.0,443223.4063,445393.8125,441884.125,431924.9688,432879.0938,431129.7813,-199286304.0,200518944.0,1,28.610750560814562
21267,2014/12/20 05:44:06.200,6.6613,-113.9529,126.0245,49.9568,49.957,-16967188.0,-234661568.0,443223.125,445390.9063,441887.4688,431947.9375,432896.6563,431146.1875,-199426784.0,200223264.0,1,28.60156268885066
21322,2014/12/20 05:44:08.400,-27.0909,-147.7024,92.2744,49.9575,49.957,-20514042.0,-232557504.0,443439.9375,445620.375,442120.4063,432255.4063,433226.3125,431488.4375,-191134240.0,191508336.0,1,28.596762846338166
21233,2014/12/20 05:44:04.840,27.8042,-92.8079,147.1716,49.9572,49.9571,-20477598.0,-232199824.0,443482.0313,445665.5,442164.625,432314.625,433283.4688,431559.2813,-183096848.0,184433456.0,1,28.559342774222934
21273,2014/12/20 05:44:06.440,2.9503,-117.6664,122.3139,49.957,49.9571,-16519488.0,-235237984.0,443223.2813,445385.0313,441856.875,431927.1875,432855.1875,431099.0313,-199888160.0,201621792.0,1,28.541323966489376
21364,2014/12/20 05:44:10.080,-52.829,-173.4418,66.5322,49.9576,49.9585,-14749080.0,-234983952.0,443186.375,445359.6563,441835.0313,431906.125,432856.3438,431102.2813,-204936624.0,206021600.0,1,28.521549888221468
21321,2014/12/20 05:44:08.360,-26.4777,-147.088,92.8888,49.9576,49.957,-20861808.0,-232619744.0,443440.6875,445622.4063,442120.9688,432248.3438,433212.9688,431485.875,-191178000.0,191747936.0,1,28.44659944638296
21274,2014/12/20 05:44:06.480,2.331,-118.2851,121.6939,49.957,49.9571,-16055212.0,-235352208.0,443224.8438,445387.25,441861.5625,431920.7188,432856.0938,431100.875,-199793504.0,201639392.0,1,28.395256911204722
21320,2014/12/20 05:44:08.320,-25.8576,-146.4675,93.5084,49.9573,49.9571,-20710962.0,-232745664.0,443438.7188,445619.6563,442118.3438,432242.1875,433212.2188,431485.2813,-191321952.0,192213328.0,1,28.346861051709276
21365,2014/12/20 05:44:10.120,-53.4255,-174.038,65.9361,49.9578,49.9585,-14913066.0,-235163200.0,443185.2813,445356.8125,441834.9688,431897.625,432844.375,431092.875,-206095824.0,206514160.0,1,28.325599158464946
21275,2014/12/20 05:44:06.520,1.7155,-118.8994,121.0776,49.9571,49.9572,-15854367.0,-235422736.0,443225.8125,445393.2813,441867.9063,431924.6875,432870.7813,431117.3438,-199837568.0,201546576.0,1,28.315452602749303
21276,2014/12/20 05:44:06.560,1.0965,-119.5179,120.4581,49.9572,49.9571,-15716505.0,-235444736.0,443223.0,445397.9688,441874.3438,431921.125,432873.0,431119.625,-199688480.0,201516224.0,1,28.30587336749938
21319,2014/12/20 05:44:08.280,-25.24,-145.8511,94.1248,49.9573,49.957,-20073138.0,-232744848.0,443432.8125,445615.3438,442108.4375,432230.6875,433204.375,431466.0625,-192157680.0,192754304.0,1,28.262271223060726
21277,2014/12/20 05:44:06.600,0.4782,-120.1358,119.839,49.9572,49.957,-15437030.0,-235463408.0,443219.0625,445402.3438,441879.1563,431905.9063,432868.3438,431113.3125,-199538528.0,201541040.0,1,28.24001686269355
21318,2014/12/20 05:44:08.240,-24.6191,-145.2313,94.7458,49.9575,49.957,-19198590.0,-232703504.0,443427.8438,445607.8438,442098.375,432225.5,433193.9688,431451.4063,-192623120.0,193201424.0,1,28.228038056505888
21317,2014/12/20 05:44:08.200,-24.0024,-144.6143,95.3633,49.9576,49.9571,-18272526.0,-232794816.0,443420.4688,445601.9688,442088.0938,432218.1563,433180.0625,431443.0625,-193182944.0,193623056.0,1,28.16863779344703
21366,2014/12/20 05:44:10.160,-54.0158,-174.6286,65.3462,49.9583,49.9585,-15155478.0,-235324032.0,443183.1563,445351.5,441831.4063,431876.625,432818.9688,431067.0625,-206824512.0,206869696.0,1,28.122302821395508
21278,2014/12/20 05:44:06.640,-0.1399,-120.7528,119.2216,49.9571,49.9569,-15587286.0,-235481632.0,443216.2813,445405.4375,441885.5313,431908.9375,432870.7813,431123.5313,-199385824.0,201415840.0,1,28.119893892518274
21316,2014/12/20 05:44:08.160,-23.3831,-143.9947,95.9827,49.9575,49.9571,-17902716.0,-232944096.0,443413.7813,445595.0938,442079.9688,432208.875,433167.2188,431432.5625,-193374784.0,193961184.0,1,28.075432764615062
21279,2014/12/20 05:44:06.680,-0.7577,-121.37,118.6041,49.9569,49.957,-15617235.0,-235513440.0,443218.25,445409.3125,441891.0,431919.5313,432880.0938,431136.8125,-199382704.0,201348672.0,1,27.967005919248248
21367,2014/12/20 05:44:10.200,-54.6162,-175.2283,64.7465,49.9584,49.9586,-15993912.0,-235405152.0,443180.75,445347.9375,441831.8438,431865.875,432804.9063,431057.6563,-207067360.0,207052784.0,1,27.950227837472003
21315,2014/12/20 05:44:08.120,-22.769,-143.381,96.5956,49.9574,49.9572,-18060882.0,-233032320.0,443406.7813,445591.0313,442072.3438,432201.375,433165.9375,431425.9063,-193592112.0,194327792.0,1,27.9122020823922
21280,2014/12/20 05:44:06.720,-1.3798,-121.9924,117.9815,49.957,49.957,-15977769.0,-235490896.0,443222.875,445413.8125,441896.5938,431925.7188,432888.4063,431142.3125,-199549584.0,201285984.0,1,27.838265460876343
21314,2014/12/20 05:44:08.080,-22.1528,-142.7655,97.2109,49.9575,49.9572,-18584016.0,-233059600.0,443401.0625,445583.5,442062.6563,432190.3125,433158.5938,431413.2188,-193819888.0,194681680.0,1,27.741505223775533
21281,2014/12/20 05:44:06.760,-1.9958,-122.6094,117.3657,49.9571,49.9571,-15947550.0,-235452528.0,443232.4063,445419.0313,441899.3438,431931.4063,432888.7813,431139.8125,-199598128.0,201119744.0,1,27.705813646227302
21368,2014/12/20 05:44:10.240,-55.2122,-175.8235,64.1514,49.9583,49.9587,-16379874.0,-235396480.0,443181.4688,445346.9688,441834.25,431870.4688,432804.6563,431064.1875,-206675104.0,207179712.0,1,27.70355924338662
21313,2014/12/20 05:44:08.040,-21.5346,-142.1483,97.8287,49.9577,49.9573,-19153338.0,-233175824.0,443395.5,445576.0938,442053.0625,432183.3125,433149.4375,431397.875,-193517152.0,194912208.0,1,27.658754334530364
21312,2014/12/20 05:44:08.000,-20.9184,-141.5327,98.4445,49.9577,49.9574,-19283076.0,-233340400.0,443387.5,445566.0938,442042.5625,432173.5938,433139.5938,431385.0938,-193214720.0,195164256.0,1,27.62528214693299
21282,2014/12/20 05:44:06.800,-2.6155,-123.2303,116.7456,49.957,49.9571,-15921022.0,-235425968.0,443244.375,445426.9375,441904.625,431942.1563,432899.2813,431143.7188,-199549776.0,200960336.0,1,27.62392440698635
21311,2014/12/20 05:44:07.960,-20.3065,-140.9196,99.0579,49.9576,49.9575,-19154232.0,-233383696.0,443377.4375,445553.9688,442031.2188,432157.8438,433116.0313,431372.7188,-193312704.0,195480032.0,1,27.586323960093107
21283,2014/12/20 05:44:06.840,-3.2356,-123.8509,116.1253,49.957,49.9572,-15749336.0,-235348192.0,443260.6875,445438.25,441911.5313,431962.1563,432917.9063,431158.9375,-199195552.0,200809984.0,1,27.562205131955576
21310,2014/12/20 05:44:07.920,-19.6936,-140.3061,99.6711,49.9576,49.9575,-18678492.0,-233382784.0,443366.4688,445540.6563,442020.875,432136.5,433094.0938,431354.4688,-194208032.0,195772496.0,1,27.522018475291773
21284,2014/12/20 05:44:06.880,-3.8446,-124.4604,115.5164,49.9571,49.9573,-15857892.0,-235266000.0,443274.0313,445449.125,441921.0938,431980.0938,432933.875,431172.125,-198612800.0,200637920.0,1,27.407930886818633
21309,2014/12/20 05:44:07.880,-19.0809,-139.6944,100.2834,49.9577,49.9575,-18300966.0,-233460576.0,443358.4688,445530.0313,442011.0625,432128.4375,433085.125,431339.5,-195489808.0,196071168.0,1,27.385611200142108
21307,2014/12/20 05:44:07.800,-17.8585,-138.4736,101.5042,49.9577,49.9576,-18142908.0,-233630640.0,443345.4375,445520.125,441993.2188,432126.0313,433085.2188,431328.3125,-196496416.0,196465840.0,1,27.37317994268244
21369,2014/12/20 05:44:10.280,-55.8082,-176.4199,63.5544,49.9586,49.9588,-16837254.0,-235352816.0,443183.75,445353.25,441841.4063,431880.125,432821.0625,431074.4375,-206348384.0,207373280.0,1,27.37224384638823
21308,2014/12/20 05:44:07.840,-18.4709,-139.0854,100.8931,49.9578,49.9575,-18179952.0,-233524784.0,443352.0938,445523.0313,442001.9375,432135.7813,433088.875,431338.9063,-196425344.0,196327840.0,1,27.34785301733676
21306,2014/12/20 05:44:07.760,-17.2511,-137.8663,102.1115,49.9577,49.9577,-18188358.0,-233791152.0,443334.375,445515.9063,441985.1875,432106.5313,433066.0625,431308.625,-196162704.0,196475040.0,1,27.321564433626918
21285,2014/12/20 05:44:06.920,-4.4621,-125.0774,114.8997,49.9574,49.9573,-16096300.0,-235239776.0,443284.1875,445457.4375,441930.7188,431989.9063,432941.0938,431182.9375,-197939936.0,200448160.0,1,27.20457344375018
21305,2014/12/20 05:44:07.720,-16.6408,-137.2559,102.7221,49.9577,49.9577,-18047730.0,-233969792.0,443324.75,445509.625,441979.375,432091.0313,433048.0625,431293.4375,-195730880.0,196507552.0,1,27.187675957173862
21286,2014/12/20 05:44:06.960,-5.0782,-125.6921,114.2848,49.9574,49.9573,-16011256.0,-235228208.0,443287.0625,445459.1563,441937.5313,431989.6875,432938.3125,431191.625,-197391776.0,200281920.0,1,27.04712624983967
21304,2014/12/20 05:44:07.680,-16.0346,-136.6489,103.3295,49.9576,49.9577,-17676378.0,-234181296.0,443316.0625,445501.9688,441976.4375,432073.7813,433023.9375,431279.5,-195482496.0,196629872.0,1,27.02593623547322
21370,2014/12/20 05:44:10.320,-56.3986,-177.0101,62.9625,49.9589,49.9588,-16815912.0,-235323440.0,443187.8438,445361.7188,441849.9063,431881.1875,432836.875,431083.7813,-206223648.0,207433008.0,1,26.99731115923122
21287,2014/12/20 05:44:07.000,-5.6915,-126.3041,113.6726,49.9575,49.9574,-15825933.0,-235143968.0,443289.375,445455.8438,441942.75,431993.0938,432939.125,431203.3125,-197225856.0,200088864.0,1,26.940092568370282
21303,2014/12/20 05:44:07.640,-15.4215,-136.0348,103.9438,49.9578,49.9577,-17155902.0,-234316496.0,443311.4063,445498.0,441976.4688,432061.0,433004.5,431269.75,-195441232.0,196715152.0,1,26.933377526898514
21288,2014/12/20 05:44:07.040,-6.3033,-126.9153,113.0627,49.9576,49.9575,-15318690.0,-235026576.0,443290.6875,445450.875,441946.375,431999.7188,432932.375,431206.6875,-197042848.0,199825616.0,1,26.88237934365347
21302,2014/12/20 05:44:07.600,-14.8155,-135.4289,104.5479,49.9579,49.9577,-16524366.0,-234380352.0,443308.625,445496.0938,441977.625,432050.0313,433010.0,431266.1875,-195295856.0,196710416.0,1,26.874777613750144
21289,2014/12/20 05:44:07.080,-6.9166,-127.529,112.4498,49.9576,49.9576,-15375066.0,-234945920.0,443294.8125,445446.4063,441948.3125,432002.625,432930.5938,431204.9063,-196934896.0,199544368.0,1,26.821886363158374
21301,2014/12/20 05:44:07.560,-14.2045,-134.817,105.1577,49.958,49.9578,-16662555.0,-234465200.0,443305.0625,445492.8438,441978.0938,432042.0,433017.3438,431269.875,-195419216.0,196741696.0,1,26.816115751990576
21290,2014/12/20 05:44:07.120,-7.5296,-128.1414,111.8367,49.9577,49.9577,-15718410.0,-234912272.0,443298.1875,445447.5313,441951.625,432006.4063,432939.6875,431214.8125,-196976240.0,199183984.0,1,26.7604829265734
21371,2014/12/20 05:44:10.360,-56.992,-177.6034,62.3684,49.9588,49.9588,-16768614.0,-235277568.0,443193.0,445370.5938,441855.9063,431888.1563,432849.125,431094.875,-206133792.0,207368464.0,1,26.699091275023164
21300,2014/12/20 05:44:07.520,-13.6017,-134.2135,105.7616,49.9581,49.9579,-16930456.0,-234598240.0,443301.5938,445483.9063,441972.9375,432033.3438,433000.625,431261.1563,-195835792.0,196919072.0,1,26.68693532163026
21291,2014/12/20 05:44:07.160,-8.1349,-128.7468,111.2312,49.9579,49.9578,-16327863.0,-234964128.0,443302.5313,445451.25,441954.4375,432000.25,432936.3438,431209.7813,-197241984.0,198774064.0,1,26.63037631319139
21166,2014/12/20 05:44:02.160,69.381,-51.231,-171.2507,49.9556,49.9555,-19641036.0,-231986624.0,443442.75,445599.3125,442122.625,432283.0,433231.6875,431504.5625,-187400592.0,189623376.0,1,26.517996433644754
21299,2014/12/20 05:44:07.480,-12.9939,-133.6068,106.371,49.9581,49.9579,-17192176.0,-234687120.0,443295.9063,445471.4063,441963.4688,432020.4688,432967.2188,431232.7188,-196166704.0,197097168.0,1,26.494732168490692
21372,2014/12/20 05:44:10.400,-57.584,-178.1958,61.7767,49.9587,49.9589,-16421634.0,-235238336.0,443203.375,445378.375,441860.8438,431905.5313,432862.125,431107.9063,-205838912.0,207264656.0,1,26.477897879642963
21292,2014/12/20 05:44:07.200,-8.7438,-129.3571,110.6207,49.958,49.9578,-16775502.0,-234983344.0,443304.5,445458.1875,441957.75,431999.9688,432945.125,431207.2813,-197380064.0,198442800.0,1,26.456036228883043
21167,2014/12/20 05:44:02.200,68.7368,-51.8752,-171.8942,49.9556,49.9555,-19986486.0,-232014128.0,443438.2813,445594.8438,442118.375,432277.5938,433220.0,431495.3438,-187745408.0,189609040.0,1,26.44789545092479
21165,2014/12/20 05:44:02.120,70.0187,-50.5943,-170.6149,49.9555,49.9555,-19485522.0,-231965488.0,443444.9063,445603.3438,442123.25,432289.5313,433249.4375,431509.875,-187599968.0,189579872.0,1,26.423388970080367
21161,2014/12/20 05:44:01.960,72.5847,-48.0283,-168.0488,49.955,49.9553,-21154062.0,-232050064.0,443455.875,445623.0313,442135.5938,432295.2188,433255.7188,431518.1563,-187525504.0,188968048.0,1,26.381198235119783
21160,2014/12/20 05:44:01.920,73.2277,-47.3863,-167.4065,49.955,49.9553,-21101190.0,-232176768.0,443465.1563,445638.625,442144.3438,432305.5,433268.5625,431524.375,-186701888.0,188708800.0,1,26.37455626480151
21162,2014/12/20 05:44:02.000,71.9389,-48.6738,-168.6937,49.9552,49.9554,-20792142.0,-231947312.0,443448.3125,445610.875,442128.0313,432286.2813,433239.9375,431506.0938,-188167424.0,189262720.0,1,26.364354126530372
21159,2014/12/20 05:44:01.880,73.8739,-46.7408,-166.7611,49.9551,49.9553,-20953626.0,-232206496.0,443473.6875,445653.3438,442152.4688,432313.5625,433278.5,431530.25,-185620016.0,188458032.0,1,26.340173852867974
21298,2014/12/20 05:44:07.440,-12.3876,-133.0006,106.9783,49.9579,49.9579,-16930578.0,-234791024.0,443290.5938,445460.6875,441955.5313,432009.7188,432946.625,431216.0,-196329392.0,197277856.0,1,26.3302031977987
21164,2014/12/20 05:44:02.080,70.6583,-49.9548,-169.9749,49.9553,49.9555,-19607496.0,-231943968.0,443444.4063,445603.3125,442122.75,432290.5625,433244.7813,431509.3438,-187962672.0,189588096.0,1,26.318439168876296
21163,2014/12/20 05:44:02.040,71.2979,-49.3145,-169.3344,49.9553,49.9555,-20149458.0,-231933888.0,443444.7188,445604.6875,442123.8125,432283.6563,433233.6563,431503.8438,-188235088.0,189503168.0,1,26.312861391247317
21168,2014/12/20 05:44:02.240,68.0957,-52.517,-172.5364,49.9557,49.9555,-20535882.0,-232019008.0,443432.1875,445590.4063,442111.8438,432265.5313,433214.6563,431483.2813,-188006256.0,189537584.0,1,26.308845493867366
21158,2014/12/20 05:44:01.840,74.5129,-46.1018,-166.1233,49.9552,49.9553,-20714520.0,-232224928.0,443480.4688,445665.0,442160.3438,432321.25,433297.4688,431545.375,-185099584.0,188091184.0,1,26.305679130799753
21293,2014/12/20 05:44:07.240,-9.3478,-129.9612,110.0157,49.958,49.9578,-16776273.0,-234887216.0,443304.3438,445463.1563,441963.75,432010.0938,432964.4063,431221.3438,-197246816.0,198215008.0,1,26.300373022159754
21373,2014/12/20 05:44:10.440,-58.1748,-178.788,61.1868,49.9589,49.959,-15747366.0,-235304512.0,443215.8438,445385.2188,441864.3438,431918.2813,432861.875,431106.75,-205389168.0,207006464.0,1,26.293160341716693
21169,2014/12/20 05:44:02.280,67.4524,-53.1611,-173.1806,49.9556,49.9556,-20989854.0,-231949712.0,443427.7188,445592.0938,442105.375,432258.5313,433212.0625,431472.2813,-188293568.0,189525872.0,1,26.25650473135177
21170,2014/12/20 05:44:02.320,66.8168,-53.7979,-173.8177,49.9554,49.9556,-20989680.0,-231896080.0,443426.25,445595.0313,442101.875,432263.75,433224.3438,431473.2813,-187754768.0,189536320.0,1,26.223592532236417
21297,2014/12/20 05:44:07.400,-11.7814,-132.3941,107.5841,49.9579,49.9579,-16531593.0,-234920304.0,443286.7813,445457.1875,441953.7813,431998.125,432939.7813,431207.5938,-196131088.0,197445616.0,1,26.17082302920058
21294,2014/12/20 05:44:07.280,-9.9551,-130.5671,109.4089,49.9581,49.9578,-16721388.0,-234892304.0,443299.2188,445463.2188,441965.7813,432007.1875,432964.0313,431228.875,-196721600.0,198102896.0,1,26.15068676630183
21295,2014/12/20 05:44:07.320,-10.5662,-131.1768,108.7994,49.9581,49.9578,-16453947.0,-234963824.0,443293.0938,445461.7813,441965.4063,432000.7813,432951.7188,431227.8438,-196304672.0,197864784.0,1,26.10348420765711
21296,2014/12/20 05:44:07.360,-11.1767,-131.7882,108.1891,49.958,49.9578,-16422795.0,-234968640.0,443288.2188,445457.4375,441957.875,431995.0,432939.4375,431214.0,-195971664.0,197588176.0,1,26.102974668632243
21374,2014/12/20 05:44:10.480,-58.7665,-179.38,60.5962,49.9592,49.9591,-15382002.0,-235334400.0,443228.5,445391.5,441873.1563,431935.0313,432867.7188,431117.0,-205178080.0,206557152.0,1,26.046512659260486
21171,2014/12/20 05:44:02.360,66.1765,-54.4379,-174.4575,49.9554,49.9557,-20690382.0,-231939072.0,443428.7188,445596.8125,442103.5,432273.5313,433231.5938,431484.5938,-187191568.0,189494096.0,1,26.036931460408955
21172,2014/12/20 05:44:02.400,65.54,-55.0735,-175.0926,49.9556,49.9557,-20200908.0,-231977456.0,443433.5938,445596.8438,442106.3438,432278.2813,433227.0625,431492.0,-186551936.0,189395648.0,1,25.784912640964052
21375,2014/12/20 05:44:10.520,-59.3531,-179.9652,60.0097,49.9595,49.9591,-15402804.0,-235241232.0,443238.625,445399.8125,441885.6875,431941.7188,432881.0313,431135.7188,-205145792.0,206151360.0,1,25.77567103212163
21173,2014/12/20 05:44:02.440,64.9032,-55.7096,-175.7281,49.9558,49.9558,-20107686.0,-232019584.0,443439.8125,445596.4688,442110.8125,432282.5313,433222.3125,431496.4688,-186362256.0,189324272.0,1,25.50565258029653
21376,2014/12/20 05:44:10.560,-59.9466,179.4418,59.415,49.9595,49.9592,-15726012.0,-235235120.0,443246.1875,445410.9688,441897.0938,431939.8125,432893.0,431144.7813,-205122480.0,205850272.0,1,25.468894545267673
21192,2014/12/20 05:44:03.200,52.9538,-67.6614,172.3195,49.957,49.957,-19635678.0,-232713200.0,443442.75,445618.25,442109.9375,432242.6875,433195.25,431443.9063,-190778528.0,192460208.0,1,25.314811623571195
21191,2014/12/20 05:44:03.160,53.5744,-67.04,172.94,49.9569,49.9569,-19750422.0,-232820352.0,443447.0625,445620.3438,442117.3438,432257.8125,433212.4688,431464.875,-190757136.0,192593056.0,1,25.293434103802703
21193,2014/12/20 05:44:03.240,52.3324,-68.2817,171.698,49.957,49.957,-19940382.0,-232547856.0,443441.0625,445618.0938,442107.0,432249.5313,433205.9063,431459.0,-190812640.0,192406080.0,1,25.250442407863595
21174,2014/12/20 05:44:02.480,64.2679,-56.3452,-176.3625,49.9559,49.9559,-20037252.0,-232138112.0,443445.875,445598.9063,442112.25,432283.4375,433214.7813,431492.3125,-186519328.0,189205904.0,1,25.21983655221564
21190,2014/12/20 05:44:03.120,54.1916,-66.4227,173.5561,49.9566,49.9569,-20001108.0,-232868032.0,443451.375,445624.375,442123.5313,432268.7813,433231.5,431481.25,-190616320.0,192698352.0,1,25.194148841298997
21377,2014/12/20 05:44:10.600,-60.5326,178.8549,58.8288,49.9594,49.9592,-16038504.0,-235290256.0,443253.6563,445423.6875,441906.5,431954.8125,432907.875,431155.25,-204674624.0,205312624.0,1,25.18077673220096
21194,2014/12/20 05:44:03.280,51.7148,-68.8984,171.0801,49.9571,49.957,-20395386.0,-232448912.0,443441.1875,445617.1875,442111.6563,432267.0625,433228.6875,431483.7188,-190617664.0,192268720.0,1,25.162912224523637
21200,2014/12/20 05:44:03.520,48.0121,-72.6007,167.3785,49.9576,49.9572,-21099888.0,-232058144.0,443518.625,445687.3438,442199.5,432363.0313,433323.625,431586.1563,-188929488.0,190032432.0,1,25.119724800311893
21199,2014/12/20 05:44:03.480,48.6266,-71.9853,167.9944,49.9574,49.9572,-20706924.0,-232055136.0,443496.6875,445665.7188,442180.875,432341.875,433293.3438,431565.3125,-189527872.0,190577360.0,1,25.098327871623958
21195,2014/12/20 05:44:03.320,51.0955,-69.5166,170.4602,49.9571,49.957,-20828106.0,-232362368.0,443439.4375,445617.5313,442122.2813,432255.5938,433229.125,431484.4688,-190392480.0,192123424.0,1,25.091878958272346
21198,2014/12/20 05:44:03.440,49.2424,-71.3679,168.6109,49.9572,49.9572,-20487534.0,-232089392.0,443472.875,445643.0,442164.4375,432314.25,433264.6563,431546.375,-189684816.0,191128416.0,1,25.071220575551514
21196,2014/12/20 05:44:03.360,50.4753,-70.1352,169.8414,49.957,49.957,-20814924.0,-232272304.0,443442.2813,445617.4688,442134.6875,432247.8438,433219.0625,431486.2188,-190032960.0,191931808.0,1,25.033747864979322
21189,2014/12/20 05:44:03.080,54.8145,-65.7999,174.1795,49.9565,49.9568,-20431116.0,-232903664.0,443453.6875,445627.8125,442123.25,432262.8438,433220.6563,431471.4688,-190654416.0,192574880.0,1,25.0282373104818
21197,2014/12/20 05:44:03.400,49.8611,-70.7491,169.2287,49.9571,49.9571,-20676486.0,-232209184.0,443452.5625,445627.2188,442149.125,432278.75,433237.6875,431514.5938,-189813024.0,191614224.0,1,25.021862203127338
21175,2014/12/20 05:44:02.520,63.6331,-56.9809,-176.9985,49.9561,49.9559,-19964874.0,-232265008.0,443449.0625,445604.1563,442115.1563,432282.0,433220.5,431488.5938,-186827296.0,189127936.0,1,24.963245599745594
21378,2014/12/20 05:44:10.640,-61.1137,178.2727,58.2473,49.9595,49.9593,-16060866.0,-235204720.0,443259.3125,445434.5625,441911.3125,431969.8125,432923.0625,431164.6563,-203823200.0,204602464.0,1,24.90686006109261
21188,2014/12/20 05:44:03.040,55.435,-65.1794,174.8007,49.9565,49.9567,-20371596.0,-232918032.0,443453.4063,445627.6875,442120.7188,432256.1563,433208.1875,431461.875,-190680096.0,192441600.0,1,24.87521405536588
21187,2014/12/20 05:44:03.000,56.0601,-64.5557,175.4252,49.9563,49.9566,-20087160.0,-232890512.0,443452.9375,445630.625,442115.8438,432261.0625,433213.0625,431459.375,-190873088.0,192404080.0,1,24.75689385204933
21176,2014/12/20 05:44:02.560,63.0003,-57.615,-177.633,49.956,49.9559,-19740390.0,-232396624.0,443453.1875,445609.5313,442115.5938,432280.2813,433227.9688,431483.4375,-187353872.0,189192736.0,1,24.728608679129692
21379,2014/12/20 05:44:10.680,-61.7039,177.6826,57.6565,49.9597,49.9593,-15761112.0,-235103328.0,443262.0313,445440.0313,441917.9375,431977.4063,432937.5938,431177.5313,-202893456.0,204071840.0,1,24.67667030971922
21186,2014/12/20 05:44:02.960,56.6891,-63.9277,176.0534,49.9561,49.9565,-19692114.0,-232807280.0,443454.125,445632.2188,442112.375,432268.375,433223.2188,431463.0625,-190647968.0,192324096.0,1,24.656294065394206
21177,2014/12/20 05:44:02.600,62.3608,-58.2551,-178.2728,49.9558,49.9559,-19246890.0,-232561920.0,443455.0313,445614.0625,442118.5313,432275.4688,433221.25,431474.25,-187711680.0,189324048.0,1,24.58838715514138
21179,2014/12/20 05:44:02.680,61.0984,-59.5168,-179.5354,49.9556,49.9561,-18794406.0,-232617392.0,443458.3125,445619.5,442122.2813,432289.5313,433237.0938,431494.0313,-188593376.0,189861792.0,1,24.55497484103318
21178,2014/12/20 05:44:02.640,61.7303,-58.8853,-178.9029,49.9557,49.956,-18825792.0,-232633904.0,443458.4688,445616.6563,442120.5,432284.375,433226.3125,431483.0,-188242400.0,189540768.0,1,24.553125079171785
21180,2014/12/20 05:44:02.720,60.4672,-60.1475,179.8328,49.9557,49.9561,-19118628.0,-232546128.0,443458.0313,445621.25,442120.3438,432285.6563,433240.9688,431496.125,-189013296.0,190227424.0,1,24.53283216851454
21185,2014/12/20 05:44:02.920,57.3147,-63.3026,176.6775,49.956,49.9565,-19727022.0,-232694048.0,443453.75,445635.8125,442109.125,432269.375,433235.5,431465.7813,-190257344.0,192082064.0,1,24.52046259526457
21181,2014/12/20 05:44:02.760,59.8312,-60.7847,179.1967,49.9558,49.9561,-19596174.0,-232449792.0,443455.375,445624.5,442116.7188,432290.8438,433241.3438,431491.4688,-188846256.0,190538560.0,1,24.45272151491926
21184,2014/12/20 05:44:02.880,57.9431,-62.6741,177.3055,49.9559,49.9564,-19907910.0,-232633216.0,443453.7188,445634.5938,442107.0938,432270.1875,433241.625,431469.7188,-189414816.0,191701008.0,1,24.442556698992924
21183,2014/12/20 05:44:02.840,58.5669,-62.0498,177.9307,49.9558,49.9563,-20096766.0,-232564240.0,443452.6563,445631.9063,442108.7813,432278.125,433238.2813,431477.4688,-188848896.0,191259088.0,1,24.4257905763941
21182,2014/12/20 05:44:02.800,59.2017,-61.4152,178.5667,49.9557,49.9562,-19899354.0,-232470160.0,443454.4688,445627.125,442111.0625,432289.5938,433238.5313,431482.5625,-188732752.0,190853088.0,1,24.423872864387153
21380,2014/12/20 05:44:10.720,-62.2894,177.099,57.0722,49.9597,49.9594,-15567642.0,-235029696.0,443261.375,445440.4688,441924.4688,431978.875,432938.9688,431191.5625,-202063520.0,203569760.0,1,24.41707562505949
21381,2014/12/20 05:44:10.760,-62.8732,176.5162,56.4889,49.9597,49.9595,-15456774.0,-234942512.0,443260.375,445439.6563,441929.9688,431975.4375,432936.9063,431195.6875,-201685776.0,203072112.0,1,24.129556599750018
21382,2014/12/20 05:44:10.800,-63.4554,175.9339,55.9068,49.9599,49.9596,-15926652.0,-234901024.0,443264.0625,445442.125,441935.9375,431979.4688,432940.625,431199.1875,-201263968.0,202546336.0,1,23.962404173270755
21383,2014/12/20 05:44:10.840,-64.0385,175.3511,55.3242,49.96,49.9597,-16106406.0,-234895456.0,443272.5625,445447.5313,441942.5625,431982.3125,432943.5938,431205.9063,-200672816.0,201892000.0,1,23.94619210523908
21384,2014/12/20 05:44:10.880,-64.6141,174.7759,54.7488,49.9601,49.9598,-16477044.0,-234916720.0,443285.375,445456.9063,441951.9375,431986.1875,432949.6563,431213.0938,-199728128.0,201229456.0,1,23.911946501118894
21466,2014/12/20 05:44:14.160,-112.9198,126.4674,6.4473,49.9586,49.9589,-21503256.0,-231823152.0,443505.75,445660.7813,442167.0313,432325.1875,433292.8125,431559.5313,-183614400.0,184582832.0,1,23.81526354886553
21385,2014/12/20 05:44:10.920,-65.1925,174.1963,54.1706,49.9602,49.96,-16312614.0,-234945104.0,443300.5313,445469.1563,441961.9063,432000.6875,432959.1875,431219.1875,-198627680.0,200556592.0,1,23.807018413947233
21468,2014/12/20 05:44:14.240,-114.0976,125.2886,5.2686,49.9591,49.9593,-22270494.0,-231957360.0,443510.4063,445677.0938,442167.5,432330.6563,433302.5938,431561.25,-184160416.0,184851488.0,1,23.672300481533405
21386,2014/12/20 05:44:10.960,-65.7692,173.618,53.594,49.9603,49.96,-16608852.0,-234919776.0,443314.4063,445480.75,441969.7188,432022.5313,432973.4063,431228.9688,-197987776.0,199846144.0,1,23.628435224550856
21469,2014/12/20 05:44:14.280,-114.6855,124.6995,4.68,49.9593,49.9594,-21943566.0,-231947104.0,443514.5938,445684.375,442167.6875,432341.4375,433313.2813,431563.5625,-183948512.0,184883712.0,1,23.568687550465445
21387,2014/12/20 05:44:11.000,-66.3424,173.0442,53.0207,49.9604,49.9601,-16752594.0,-234836656.0,443325.3438,445489.2813,441976.875,432039.3125,432990.9375,431243.4375,-197711696.0,199214768.0,1,23.528120707224296
21388,2014/12/20 05:44:11.040,-66.92,172.4673,52.4436,49.9606,49.9601,-17077200.0,-234768368.0,443331.75,445493.5625,441983.0938,432040.2813,432993.5,431250.0625,-197460416.0,198657600.0,1,23.48161593622917
21470,2014/12/20 05:44:14.320,-115.2705,124.1134,4.0947,49.9593,49.9595,-21520470.0,-231923248.0,443516.5313,445686.3125,442166.4688,432352.125,433321.7188,431566.3125,-183596896.0,184976832.0,1,23.422517615254044
21389,2014/12/20 05:44:11.080,-67.495,171.8933,51.869,49.9604,49.9602,-17250582.0,-234656208.0,443335.8438,445500.0938,441991.9063,432044.25,432998.6563,431261.5313,-197072160.0,198057760.0,1,23.399190903787428
21390,2014/12/20 05:44:11.120,-68.0667,171.3221,51.2967,49.9604,49.9603,-17457212.0,-234451248.0,443339.5313,445510.7813,442001.875,432052.5625,433017.5313,431278.5938,-196396432.0,197500880.0,1,23.328253074726632
21392,2014/12/20 05:44:11.200,-69.2035,170.1843,50.1588,49.9607,49.9605,-17564372.0,-234060816.0,443352.4063,445545.0938,442025.4375,432092.0,433066.6875,431317.3125,-194982640.0,196548080.0,1,23.316537136634736
21471,2014/12/20 05:44:14.360,-115.8528,123.5314,3.5127,49.9593,49.9595,-21135054.0,-231984720.0,443514.875,445682.4688,442164.0313,432347.4688,433313.8438,431561.375,-183291824.0,184887344.0,1,23.306395093954386
21391,2014/12/20 05:44:11.160,-68.6353,170.753,50.7277,49.9606,49.9604,-17630216.0,-234227440.0,443345.2188,445525.9063,442013.0,432071.9375,433040.625,431296.5938,-195810000.0,197058032.0,1,23.296761218781832
21393,2014/12/20 05:44:11.240,-69.7746,169.6134,49.5861,49.9608,49.9605,-17247080.0,-233937488.0,443362.9688,445565.8438,442038.4688,432098.75,433090.4063,431335.0313,-194264480.0,195875616.0,1,23.275074350261185
21472,2014/12/20 05:44:14.400,-116.4292,122.9568,2.9368,49.9597,49.9596,-21040158.0,-232054224.0,443510.4063,445674.9375,442163.0313,432326.0625,433292.4688,431550.5938,-183179680.0,184633696.0,1,23.21927970722136
21394,2014/12/20 05:44:11.280,-70.3432,169.0445,49.0167,49.9609,49.9606,-17035972.0,-233782816.0,443381.4375,445589.0938,442054.2813,432118.0,433119.7813,431357.5938,-193293088.0,195270672.0,1,23.154950241677213
21473,2014/12/20 05:44:14.440,-117.0157,122.3715,2.3505,49.9599,49.9597,-21089868.0,-232090368.0,443507.4375,445667.7188,442165.3438,432316.375,433284.0938,431547.2813,-183235008.0,184502784.0,1,23.126969739544144
21395,2014/12/20 05:44:11.320,-70.9107,168.475,48.4493,49.9609,49.9606,-17037012.0,-233619632.0,443405.3125,445612.9063,442072.0313,432162.9688,433156.4063,431386.625,-192784016.0,194810512.0,1,23.00309018008137
21474,2014/12/20 05:44:14.480,-117.5954,121.7922,1.7706,49.9598,49.9599,-21065394.0,-232056080.0,443508.0313,445665.4375,442173.6563,432324.2813,433296.3125,431560.0,-183643744.0,184531072.0,1,22.986404508231995
21396,2014/12/20 05:44:11.360,-71.4789,167.9057,47.8811,49.9609,49.9605,-17511952.0,-233513888.0,443430.6563,445635.25,442091.25,432205.625,433195.7188,431422.4688,-192140368.0,194323280.0,1,22.90037177166458
21397,2014/12/20 05:44:11.400,-72.0427,167.3434,47.3183,49.9609,49.9604,-17817432.0,-233355408.0,443450.6563,445652.5938,442112.2188,432231.2188,433220.4063,431457.5938,-191830800.0,193771328.0,1,22.829356081836906
21398,2014/12/20 05:44:11.440,-72.6145,166.7728,46.7484,49.9608,49.9603,-17965784.0,-233179824.0,443465.875,445667.125,442133.3438,432248.4063,433227.7188,431478.625,-191521664.0,193210496.0,1,22.771015479255734
21399,2014/12/20 05:44:11.480,-73.1893,166.1984,46.1733,49.9608,49.9603,-17795368.0,-233130592.0,443478.375,445678.75,442154.9063,432261.9063,433246.9063,431498.625,-190961056.0,192592400.0,1,22.749804531096252
21400,2014/12/20 05:44:11.520,-73.7609,165.628,45.6009,49.9607,49.9603,-18136668.0,-233102864.0,443493.4688,445689.0313,442177.3438,432275.0938,433273.7813,431526.75,-190285600.0,191913120.0,1,22.72875502273916
21401,2014/12/20 05:44:11.560,-74.3323,165.0579,45.0315,49.9607,49.9603,-18884324.0,-232964448.0,443511.5313,445696.9063,442198.125,432294.0938,433284.5,431551.0313,-189189728.0,191227008.0,1,22.718746187877976
21403,2014/12/20 05:44:11.640,-75.473,163.9173,43.894,49.961,49.9604,-20055194.0,-232807744.0,443552.8438,445726.0938,442238.7813,432354.5625,433320.4688,431602.4063,-187857136.0,189473776.0,1,22.70863771723875
21402,2014/12/20 05:44:11.600,-74.9083,164.4822,44.4581,49.9607,49.9603,-19827648.0,-232852624.0,443532.5625,445708.2188,442219.4688,432323.3125,433293.8125,431572.6875,-188461360.0,190426016.0,1,22.68596922115565
21476,2014/12/20 05:44:14.560,-118.7455,120.6445,0.6222,49.9601,49.9602,-20808168.0,-231988784.0,443518.125,445672.1875,442190.0938,432346.3125,433313.2813,431596.0313,-184274752.0,184402576.0,1,22.524067713759358
21477,2014/12/20 05:44:14.600,-119.3169,120.0713,0.0508,49.9604,49.9603,-20822880.0,-232017472.0,443524.1875,445676.1563,442191.4688,432349.5938,433309.2813,431583.375,-184290400.0,184312256.0,1,22.27833947923621
21478,2014/12/20 05:44:14.640,-119.8884,119.499,-0.5222,49.9604,49.9604,-20991306.0,-232050512.0,443530.9375,445681.3438,442188.9375,432350.5625,433319.125,431585.2813,-184098128.0,184149296.0,1,22.05155908371917
